<?xml version="1.0" encoding="UTF-8"?>
<!DOCTYPE hibernate-configuration PUBLIC
	"-//Hibernate/Hibernate Configuration DTD 3.0//EN"
	"http://www.hibernate.org/dtd/hibernate-configuration-3.0.dtd">
<hibernate-configuration>
<session-factory>
<property name="hibernate.dialect">org.hibernate.dialect.MySQLDialect</property>
<property name="hibernate.connection.driver_class">com.mysql.jdbc.Driver</property>
<property name="hibernate.connection.url">jdbc:mysql://localhost:3306/loanproject</property>
<property name="hibernate.connection.username">	root</property>
<property name="hibernate.connection.password">System@123</property>
<property name="hbm2ddl.auto">update </property>
<mapping class="com.app.model.User"/>
<mapping class="com.app.model.LoanApply"/>
<mapping class="com.app.model.LoanApproval"/>
</session-factory>
</hibernate-configuration>